<?xml version="1.0" encoding="UTF-8" standalone="yes"?>
<?VersionInfo exeName="LegaSuite.exe" exeVersion="1.0.0.201504070555" modelVersion="1.0" ?>
<colors>
   <color name="Social Blue">
      <rgb blue="152" green="89" red="59"/>
   </color>
   <color name="Social Medium Blue">
      <rgb blue="180" green="132" red="109"/>
   </color>
   <color name="Social Lighter Blue">
      <rgb blue="212" green="189" red="175"/>
   </color>
   <color name="Social Lightest Blue">
      <rgb blue="234" green="223" red="216"/>
   </color>
   <color name="Color 5">
      <rgb blue="0" green="0" red="0"/>
   </color>
   <color name="Color 6">
      <rgb blue="0" green="0" red="0"/>
   </color>
   <color name="Color 7">
      <rgb blue="0" green="0" red="0"/>
   </color>
   <color name="Color 8">
      <rgb blue="0" green="0" red="0"/>
   </color>
   <color name="Color 9">
      <rgb blue="0" green="0" red="0"/>
   </color>
   <color name="Color 10">
      <rgb blue="0" green="0" red="0"/>
   </color>
   <color name="Color 11">
      <rgb blue="0" green="0" red="0"/>
   </color>
   <color name="Color 12">
      <rgb blue="0" green="0" red="0"/>
   </color>
   <color name="Color 13">
      <rgb blue="0" green="0" red="0"/>
   </color>
   <color name="Color 14">
      <rgb blue="0" green="0" red="0"/>
   </color>
   <color name="Color 15">
      <rgb blue="0" green="0" red="0"/>
   </color>
   <color name="Color 16">
      <rgb blue="0" green="0" red="0"/>
   </color>
   <color name="Color 17">
      <rgb blue="0" green="0" red="0"/>
   </color>
   <color name="Color 18">
      <rgb blue="0" green="0" red="0"/>
   </color>
   <color name="Color 19">
      <rgb blue="0" green="0" red="0"/>
   </color>
   <color name="Color 20">
      <rgb blue="0" green="0" red="0"/>
   </color>
   <color name="Color 21">
      <rgb blue="0" green="0" red="0"/>
   </color>
   <color name="Color 22">
      <rgb blue="0" green="0" red="0"/>
   </color>
   <color name="Color 23">
      <rgb blue="0" green="0" red="0"/>
   </color>
   <color name="Color 24">
      <rgb blue="0" green="0" red="0"/>
   </color>
   <color name="Color 25">
      <rgb blue="0" green="0" red="0"/>
   </color>
   <color name="Color 26">
      <rgb blue="0" green="0" red="0"/>
   </color>
   <color name="Color 27">
      <rgb blue="0" green="0" red="0"/>
   </color>
   <color name="Color 28">
      <rgb blue="0" green="0" red="0"/>
   </color>
   <color name="Color 29">
      <rgb blue="0" green="0" red="0"/>
   </color>
   <color name="Color 30">
      <rgb blue="0" green="0" red="0"/>
   </color>
   <color name="Color 31">
      <rgb blue="0" green="0" red="0"/>
   </color>
   <color name="Color 32">
      <rgb blue="0" green="0" red="0"/>
   </color>
   <color name="Color 33">
      <rgb blue="0" green="0" red="0"/>
   </color>
   <color name="Color 34">
      <rgb blue="0" green="0" red="0"/>
   </color>
   <color name="Color 35">
      <rgb blue="0" green="0" red="0"/>
   </color>
   <color name="Color 36">
      <rgb blue="0" green="0" red="0"/>
   </color>
   <color name="Color 37">
      <rgb blue="0" green="0" red="0"/>
   </color>
   <color name="Color 38">
      <rgb blue="0" green="0" red="0"/>
   </color>
   <color name="Color 39">
      <rgb blue="0" green="0" red="0"/>
   </color>
   <color name="Color 40">
      <rgb blue="0" green="0" red="0"/>
   </color>
</colors>